name,E_gas
tp_50_t2,-384.863141322
tp_1201_t1,-473.310623975
tp_74_t1,-875.343199348
tp_613_t2,-783.422828839
tp_1232_t2,-548.497572597
tp_1501_t2,-355.559917121
tp_579_t2,-629.7584952
tp_590_t1,-477.14802685
tp_573_t2,-438.020048041
tp_1223_t2,-855.446557289
tp_1350_t1,-547.585686287
tp_616_t1,-936.73980888
tp_1060_t1,-340.731213441
tp_1483_t1,-457.27261579
tp_630_t2,-339.51709936
tp_867_t1,-647.991574222
tp_515_t2,-631.937526039
tp_66_t1,-614.737855421
tp_1535_t1,-231.234881569
tp_1225_t1,-457.494088889
tp_1237_t2,-871.480268961
tp_1010_t2,-675.764758069
tp_1669_t2,-376.648515342
tp_1654_t1,-394.911777416
tp_1555_t1,-624.642513138
tp_37_t1,-423.216534443
tp_1193_t1,-319.694976991
tp_983_t2,-362.835830285
tp_1495_t2,-471.129660119
tp_80_t2,-607.983589797
tp_1652_t1,-410.927512407
tp_591_t1,-516.469364608
tp_441_t2,-379.843538331
tp_1669_t1,-376.680665057
tp_1521_t2,-341.938403378
tp_1636_t2,-251.88535544
tp_1510_t2,-532.464958075
tp_327_t2,-398.745243664
tp_84_t1,-462.529492249
tp_85_t1,-541.158182467
tp_1502_t1,-355.554505574
tp_582_t2,-2894.60398297
tp_1569_t1,-423.216096874
tp_623_t1,-576.389975834
tp_631_t1,-493.148343877
tp_132_t2,-268.344583341
tp_1543_t1,-345.803516017
tp_1515_t2,-611.105041368
tp_1344_t1,-547.585686287
tp_1594_t1,-552.373472727
tp_986_t1,-398.723212151
tp_1658_t1,-488.3495553
tp_38_t1,-462.536325274
tp_175_t1,-458.921268411
tp_313_t1,-419.812937652
tp_1354_t2,-378.869405699
tp_1487_t2,-548.576071008
tp_675_t1,-916.075628433
tp_50_t1,-384.879570153
tp_1035_t1,-414.796199298
tp_1613_t1,-355.560682893
tp_1587_t1,-455.046705527
tp_810_t2,-801.641015868
tp_565_t2,-551.377503738
tp_1188_t2,-457.28028662
tp_183_t1,-439.04028814
tp_1673_t1,-356.780138504
tp_767_t1,-1067.30490966
tp_837_t2,-800.120996482
tp_622_t1,-1065.0452846
tp_569_t1,-761.010750625
tp_1485_t1,-317.452649746
tp_1381_t2,-297.586873596
tp_597_t2,-630.992910171
tp_1655_t1,-410.910795904
tp_1503_t1,-355.601418598
tp_1500_t2,-493.218917578
tp_1353_t2,-418.191089287
tp_581_t2,-2894.60358359
tp_1201_t2,-473.314085118
tp_576_t1,-620.835706475
tp_1674_t2,-301.432797872
tp_1572_t1,-689.957265847
tp_1453_t2,-375.020296658
tp_613_t1,-783.424813994
tp_618_t1,-3048.2495632
tp_1559_t2,-441.391481666
tp_315_t1,-419.793797982
tp_1598_t2,-763.561639836
tp_77_t1,-490.060058056
tp_1429_t1,-1257.28837692
tp_1232_t1,-548.507954346
tp_44_t1,-153.830119999
tp_1351_t1,-646.073902588
tp_1242_t2,-352.910111641
tp_1491_t2,-624.783832834
tp_600_t2,-705.034134267
tp_1081_t2,-434.240539882
tp_83_t1,-3061.15295204
2A_2B_t2,-477.172022052
tp_1027_t1,-225.228058768
tp_552_t1,-402.145388626
tp_1109_t1,-646.475360084
tp_564_t2,-551.38024649
tp_180_t2,-324.685450371
tp_768_t1,-1223.12240599
tp_1536_t2,-246.042742577
tp_156_t1,-307.441143256
tp_1189_t1,-1988.71047683
tp_403_t1,-536.552766116
tp_1347_t2,-418.191089287
tp_586_t1,-911.397231602
tp_511_t2,-785.632354974
tp_1505_t1,-493.203068739
tp_314_t2,-419.797959498
tp_1666_t1,-376.648515342
tp_607_t1,-591.688034194
tp_982_t1,-323.515879349
tp_1508_t2,-301.411913952
4A_4B_t2,-477.151242278
tp_68_t2,-845.784627386
tp_141_t2,-306.460875131
tp_984_t2,-362.840079002
tp_1116_t1,-800.118658606
tp_634_t2,-862.047234481
tp_512_t2,-785.609346564
tp_200_t1,-502.837729287
tp_1424_t1,-410.939902083
tp_1035_t2,-414.815937449
tp_999_t1,-477.149524553
tp_598_t2,-630.991739431
tp_1355_t2,-493.387907799
tp_1243_t2,-392.21236289
tp_525_t1,-587.864893072
tp_614_t2,-783.415823812
tp_1056_t2,-340.731213441
tp_1204_t1,-319.681026686
tp_1558_t1,-1173.18800903
tp_439_t1,-419.359191012
tp_1534_t2,-440.261670677
tp_1415_t1,-394.928030262
tp_1058_t2,-340.735418908
tp_784_t2,-1373.80654631
tp_85_t2,-541.149166527
tp_1456_t2,-414.32837767
tp_1553_t1,-876.764037193
tp_570_t2,-660.535078642
tp_1365_t2,-410.927512407
tp_1057_t1,-340.746611542
tp_516_t1,-785.624516632
tp_141_t1,-306.476022644
tp_611_t2,-774.536103617
tp_1280_t2,-2309.4721764
tp_505_t1,-571.80262106
tp_1238_t2,-1102.53506553
tp_1543_t2,-345.767094643
tp_514_t2,-631.937526039
tp_160_t1,-614.759541234
tp_576_t2,-620.829946853
tp_585_t2,-911.386614546
tp_1193_t2,-319.6551896
tp_1123_t1,-742.353215584
tp_1150_t1,-703.016701447
tp_1596_t1,-532.507070855
tp_811_t2,-801.608021757
tp_1083_t1,-509.405697346
tp_577_t2,-620.831156412
tp_117_t2,-648.00566907
tp_1670_t2,-356.788257493
tp_1117_t2,-662.509412194
tp_36_t1,-462.536325274
tp_1275_t2,-1712.2613027
tp_120_t1,-631.980885768
tp_620_t1,-569.38943519
tp_1072_t2,-399.899034449
tp_117_t1,-648.013913034
tp_839_t2,-662.484329458
tp_617_t1,-3048.25468517
tp_1597_t2,-571.818688606
tp_1181_t1,-303.648105939
tp_253_t1,-458.481045262
tp_610_t2,-705.030685048
tp_601_t1,-686.344348212
tp_1516_t1,-360.572070574
tp_1455_t2,-414.347048782
tp_992_t1,-783.113567717
tp_1191_t2,-610.929347237
tp_418_t1,-573.664457184
tp_601_t2,-686.348536483
tp_1488_t2,-548.570527508
tp_1002_t1,-754.386258902
tp_1345_t2,-646.079534
tp_1341_t2,-418.206530736
tp_192_t2,-783.421512658
tp_623_t2,-576.390884405
tp_1422_t1,-396.131811924
tp_1231_t2,-628.172973436
tp_308_t2,-534.347442075
tp_1484_t1,-435.226318164
tp_46_t2,-232.442944821
tp_1346_t2,-471.125577825
tp_619_t1,-569.389808881
tp_1102_t2,-568.408916116
tp_1344_t2,-547.597301459
tp_1224_t1,-1443.33652731
tp_113_t2,-613.704544224
tp_1384_t1,-301.430418773
tp_1006_t2,-493.165774491
tp_1573_t2,-498.204765566
tp_840_t1,-816.116409016
tp_555_t2,-378.859409299
tp_571_t1,-660.540573331
tp_192_t1,-783.427527089
tp_1613_t2,-355.559917121
tp_31_t1,-309.864791563
tp_853_t2,-633.14005948
tp_1000_t2,-339.547336591
tp_49_t1,-463.522474012
tp_518_t2,-442.644275428
tp_1265_t1,-777.070257904
tp_1184_t1,-1375.48811797
tp_77_t2,-490.030611031
tp_1377_t1,-640.804936431
tp_568_t1,-761.011429489
tp_978_t1,-324.694660664
tp_1356_t2,-547.586327073
tp_986_t2,-398.742585145
tp_315_t2,-419.797959498
tp_1229_t2,-782.986340854
tp_1250_t2,-358.034170151
tp_1600_t1,-380.085380712
tp_104_t1,-193.155692778
tp_1573_t1,-498.223957558
tp_1236_t2,-871.472021803
tp_1637_t2,-443.624763758
tp_131_t1,-307.707438237
tp_1505_t2,-493.208928556
tp_1240_t1,-587.827282189
tp_708_t2,-668.115808396
tp_1231_t1,-628.185008263
tp_113_t1,-613.722566045
tp_559_t2,-362.822928087
tp_122_t2,-648.016997891
tp_1003_t1,-339.506678272
tp_181_t1,-458.903019379
tp_1571_t2,-781.863880733
tp_1380_t2,-696.107729141
tp_114_t1,-631.977945007
tp_108_t1,-462.325608426
tp_331_t2,-552.383987903
tp_784_t1,-1373.80365853
tp_74_t2,-875.329889546
tp_567_t1,-531.528635647
tp_620_t2,-569.399898031
tp_126_t1,-785.624516632
tp_1082_t1,-489.555130101
tp_1120_t1,-816.124170264
tp_184_t2,-478.335387316
tp_1414_t1,-394.917923557
tp_586_t2,-911.388997914
tp_292_t2,-188.08830894
tp_1115_t1,-800.119061549
tp_1597_t1,-571.825641205
tp_1572_t2,-689.947097769
tp_200_t2,-502.812252758
tp_1491_t1,-624.7681734
tp_1501_t1,-355.556153586
tp_331_t1,-552.414087823
tp_1594_t2,-552.348959934
tp_48_t2,-271.758616088
tp_313_t2,-419.793797982
tp_836_t1,-646.471726717
tp_569_t2,-761.005526449
tp_564_t1,-551.379462809
tp_1465_t2,-419.173938862
tp_621_t2,-1065.04186871
tp_1057_t2,-340.735418908
tp_155_t1,-346.74448669
tp_114_t2,-631.96348664
tp_182_t2,-781.863445552
tp_1616_t1,-493.194489986
tp_106_t1,-311.095325065
tp_1413_t2,-394.928030262
tp_953_t2,-685.808592373
tp_952_t1,-2797.31456882
tp_767_t2,-1067.30201989
tp_553_t1,-783.102277259
tp_1519_t1,-360.591570533
tp_632_t2,-493.184083355
tp_1385_t2,-281.552755011
tp_1610_t2,-317.469616848
tp_109_t2,-270.543250845
tp_513_t1,-785.632354974
tp_1537_t1,-307.441143256
tp_1521_t1,-341.930270984
tp_1657_t2,-405.815561896
tp_562_t1,-476.153407331
tp_1494_t1,-656.800271105
tp_1182_t2,-534.679054283
tp_593_t1,-532.514632983
tp_1370_t1,-626.000759594
tp_159_t2,-461.10639532
tp_1324_t2,-552.18611647
tp_156_t2,-307.464859618
tp_1599_t1,-340.766890655
tp_1181_t2,-303.619767567
tp_596_t2,-708.214085034
tp_292_t1,-188.089112409
tp_758_t1,-1435.2240989
tp_593_t2,-532.514667137
tp_1223_t1,-855.457285508
2A_2B_t1,-477.16323779
tp_1524_t2,-322.464313286
tp_647_t1,-518.655017631
tp_84_t2,-462.520402339
tp_1672_t1,-415.952998109
tp_67_t2,-654.047330701
tp_1652_t2,-410.928674117
tp_1556_t1,-457.422787159
tp_967_t1,-566.762203456
tp_415_t1,-399.93825902
tp_1535_t2,-231.207385082
tp_59_t1,-232.4705556
tp_160_t2,-614.744229328
tp_560_t1,-554.564580377
tp_573_t1,-438.027294764
tp_1267_t1,-1696.23260352
tp_1106_t2,-623.765012089
tp_1152_t2,-1060.6803092
tp_57_t1,-423.001246383
tp_1653_t1,-394.929035039
tp_105_t1,-271.783211432
tp_895_t2,-975.403174402
tp_1558_t2,-1173.16201579
tp_1671_t2,-738.952471798
tp_46_t1,-232.4705556
tp_1512_t1,-360.57204886
tp_1612_t1,-493.203068739
tp_112_t2,-936.682212156
tp_602_t1,-686.331161875
tp_1509_t2,-340.724943208
tp_1368_t1,-450.251077345
tp_1192_t2,-473.271442757
tp_630_t1,-339.506403367
tp_58_t2,-422.977475297
tp_812_t2,-801.62665797
tp_1422_t2,-396.13966169
tp_1568_t1,-423.216096874
tp_643_t1,-1106.42065248
tp_1587_t2,-455.028006525
tp_948_t2,-506.599354908
tp_1228_t1,-474.539103393
tp_1083_t2,-509.397547784
tp_1341_t1,-418.200768706
tp_810_t1,-801.63661831
tp_631_t2,-493.170750982
tp_758_t2,-1435.22864482
tp_204_t1,-1052.22629128
tp_1450_t2,-453.652869738
tp_1242_t1,-352.925592507
tp_126_t2,-785.606554412
tp_735_t1,-839.028555741
tp_991_t1,-1242.70005689
tp_615_t1,-936.746899134
tp_1233_t1,-548.522178859
tp_609_t1,-705.033361398
tp_47_t1,-232.459342804
tp_974_t2,-325.946163407
tp_253_t2,-458.481000594
tp_1454_t1,-453.67999699
tp_1659_t1,-488.355984027
tp_583_t2,-415.737888385
tp_1486_t1,-640.450378323
tp_1673_t2,-356.813275479
tp_1506_t2,-493.192930769
tp_1088_t1,-875.325292654
tp_1152_t1,-1060.66629602
tp_201_t2,-825.781763449
tp_1357_t2,-646.063814398
tp_201_t1,-825.790240346
tp_108_t2,-462.296574074
tp_1511_t2,-321.252273919
tp_1342_t2,-378.885459856
tp_1221_t1,-624.405249012
tp_990_t1,-783.109527008
tp_1492_t1,-640.795485259
tp_119_t1,-631.979404807
tp_31_t2,-309.891295252
tp_403_t2,-536.547232863
tp_982_t2,-323.517909727
tp_81_t2,-721.097089017
tp_1675_t1,-301.432797872
tp_158_t2,-461.10639532
tp_1557_t1,-875.492871067
tp_954_t1,-457.275433487
tp_121_t2,-631.985060363
tp_1499_t2,-414.781578708
tp_1241_t2,-297.586873596
tp_1484_t2,-435.216796579
tp_1222_t1,-894.767056505
tp_386_t2,-627.776932297
tp_1517_t2,-380.05006326
tp_1058_t1,-340.731213441
tp_115_t1,-631.979618459
tp_47_t2,-232.440580534
tp_1368_t2,-450.251852842
tp_865_t2,-479.549975319
tp_1003_t2,-339.532314013
tp_1546_t2,-398.722850972
tp_980_t1,-285.375275929
tp_1656_t2,-373.780279832
tp_990_t2,-783.108952546
tp_853_t1,-633.179745975
tp_1565_t2,-859.268727244
tp_1036_t1,-568.452279793
tp_1513_t2,-380.055766968
tp_1599_t2,-340.755483145
tp_1514_t1,-419.363927378
tp_595_t1,-708.210902928
tp_1118_t1,-816.155948444
tp_1323_t1,-934.330753195
tp_1260_t2,-440.212165103
tp_73_t1,-914.659513858
tp_52_t1,-615.944157935
tp_1353_t1,-418.206530736
tp_122_t1,-648.017019743
tp_1261_t1,-632.003371979
tp_1385_t1,-281.570303458
tp_78_t1,-529.375761085
tp_554_t2,-857.89637854
tp_606_t1,-814.18158423
tp_1414_t2,-394.925757783
tp_588_t1,-422.734017586
tp_624_t2,-576.381098761
tp_996_t1,-378.878710892
tp_1235_t2,-779.565512803
tp_1010_t1,-675.770958526
tp_1114_t1,-800.122264645
tp_203_t2,-689.956731577
tp_105_t2,-271.752087717
tp_1005_t1,-493.151888465
tp_514_t1,-631.980885768
tp_52_t2,-615.927050172
tp_110_t2,-499.387296304
tp_1196_t1,-473.277590301
tp_510_t2,-631.95305183
tp_1568_t2,-423.216534443
4A_4B_t1,-477.158022132
tp_1366_t1,-450.251077345
tp_812_t1,-801.622803
tp_1667_t2,-356.813067284
tp_1555_t2,-624.605478864
tp_933_t2,-467.30524818
tp_996_t2,-378.874978414
tp_592_t2,-516.477583347
tp_439_t2,-419.363686396
tp_1280_t1,-2309.46334471
tp_1072_t1,-399.891050897
tp_1496_t1,-503.151308288
tp_987_t2,-398.73858376
tp_1250_t1,-358.023037128
tp_1343_t1,-493.395091554
tp_1451_t2,-319.661266289
tp_980_t2,-285.39917047
tp_68_t1,-845.799013613
tp_933_t1,-467.318176612
tp_107_t2,-309.864791563
tp_1528_t2,-415.974851449
tp_1452_t1,-375.062727518
tp_1384_t2,-301.414654791
tp_1267_t2,-1696.23806328
tp_992_t2,-783.110762757
tp_1610_t1,-317.486696319
tp_580_t1,-783.100536103
tp_568_t2,-761.00329595
tp_995_t1,-378.864623398
tp_1351_t2,-646.063814398
tp_181_t2,-458.88023954
tp_973_t1,-248.495064102
tp_1124_t2,-722.914806771
tp_1275_t1,-1712.24830119
tp_1263_t1,-1819.01853279
tp_599_t1,-705.027012755
tp_203_t1,-689.9856796
tp_314_t1,-419.812937652
tp_1347_t1,-418.200768706
tp_1544_t2,-417.604758069
tp_1279_t2,-2155.81614938
tp_612_t1,-774.534238664
tp_1352_t2,-471.109657016
tp_1234_t2,-587.82254825
tp_1517_t1,-380.06289066
tp_948_t1,-506.610204842
tp_1121_t2,-548.215645583
tp_82_t1,-949.640126978
tp_598_t1,-630.988226289
tp_837_t1,-800.114864483
tp_1109_t2,-646.480297317
tp_1483_t2,-457.257051534
tp_1081_t1,-434.237112496
tp_1370_t2,-625.99219191
tp_979_t2,-324.720537458
tp_549_t2,-323.50174367
tp_1358_t2,-471.109657016
tp_649_t2,-554.774919252
tp_1668_t2,-699.624877418
tp_967_t2,-566.76757697
tp_578_t1,-629.776998586
tp_1666_t2,-376.679463108
tp_1264_t1,-737.974902671
tp_1266_t2,-1074.76983803
tp_1365_t1,-410.92744074
tp_1358_t1,-471.125577825
tp_993_t1,-620.84703315
tp_1189_t2,-1988.70046268
tp_594_t2,-532.511120538
tp_789_t1,-593.882069247
tp_1546_t1,-398.738998072
tp_787_t1,-785.621636508
tp_735_t2,-839.004109297
tp_509_t1,-631.985531581
tp_1494_t2,-656.818543902
tp_865_t1,-479.553532919
tp_1571_t1,-781.887736042
tp_1356_t1,-547.597301459
tp_30_t1,-270.543250845
tp_1237_t1,-871.487053392
tp_1186_t1,-891.530200816
tp_1261_t2,-631.953475418
tp_629_t1,-630.788099788
tp_559_t1,-362.822709483
tp_508_t2,-992.070015333
tp_916_t1,-467.294324741
tp_1671_t1,-738.928449544
tp_981_t1,-285.378882283
tp_643_t2,-1106.4456822
tp_1346_t1,-471.115472479
tp_570_t1,-660.540192973
tp_587_t1,-422.745075258
tp_180_t1,-324.698032738
tp_647_t2,-518.624356986
tp_1121_t1,-548.18703344
tp_787_t2,-785.626157358
tp_155_t2,-346.731203255
tp_1511_t1,-321.25394654
tp_402_t2,-628.805614377
tp_839_t1,-662.474458676
tp_51_t1,-424.20521199
tp_1116_t2,-800.115935763
tp_768_t2,-1223.11409466
tp_1593_t2,-1106.38995343
tp_602_t2,-686.329138509
tp_572_t1,-438.039310024
tp_789_t2,-593.88260768
tp_619_t2,-569.393293817
tp_1637_t1,-443.630728447
tp_48_t1,-271.783211432
tp_1378_t1,-624.782553159
tp_53_t1,-615.92532905
tp_1600_t2,-380.076260433
tp_1559_t1,-441.433688529
tp_1658_t2,-488.365473066
tp_115_t2,-631.963406998
tp_1629_t1,-568.447806223
tp_1379_t1,-640.80822914
tp_608_t1,-591.671589314
tp_585_t1,-911.389415365
tp_37_t2,-423.218341396
tp_45_t2,-384.864200937
tp_618_t2,-3048.25888608
tp_866_t2,-456.243046552
tp_78_t2,-529.349556163
tp_561_t2,-554.559273875
tp_121_t1,-631.985531581
tp_238_t2,-287.562534765
tp_632_t1,-493.197314555
tp_553_t2,-783.094789231
tp_1321_t2,-496.813744064
tp_1119_t2,-662.4941223
tp_1593_t1,-1106.39197435
tp_79_t2,-568.671132896
tp_1496_t2,-503.153244821
tp_1349_t1,-493.395091594
tp_558_t1,-362.824766304
tp_1504_t2,-355.56420072
tp_634_t1,-862.042181401
tp_975_t2,-286.630109146
tp_1488_t1,-548.584339954
tp_1185_t2,-1835.04819619
tp_595_t2,-708.216935038
tp_592_t1,-516.467015969
tp_1495_t1,-471.130941261
tp_1487_t1,-548.584339954
tp_1508_t1,-301.41674567
tp_836_t2,-646.46895793
tp_1279_t1,-2155.80847974
tp_1119_t1,-662.477443827
tp_1262_t2,-1359.38817542
tp_1282_t1,-2171.82386551
tp_1503_t2,-355.602518913
tp_116_t1,-631.983691882
tp_1185_t1,-1835.06431901
tp_506_t1,-571.78455358
tp_44_t2,-153.802227856
tp_1367_t2,-410.928674117
tp_1186_t2,-891.523501635
tp_629_t2,-630.812025696
tp_1411_t2,-339.55556639
tp_557_t2,-1242.68505112
tp_1653_t2,-394.916673561
tp_1006_t1,-493.160186746
tp_582_t1,-2894.61165093
tp_507_t2,-711.835696827
tp_1518_t1,-380.06289066
tp_997_t2,-477.172022052
tp_1486_t2,-640.435516985
tp_1560_t2,-400.898776834
tp_401_t1,-460.344566497
tp_1485_t2,-317.433152392
tp_1452_t2,-375.037156372
tp_1612_t2,-493.192930769
tp_1345_t1,-646.073902588
tp_581_t1,-2894.61006201
tp_35_t2,-423.216096874
tp_1110_t2,-1106.07148133
tp_1187_t2,-1083.25554547
tp_54_t1,-499.404898583
tp_67_t1,-654.062193879
tp_178_t2,-628.212575577
tp_1574_t2,-573.399892183
tp_1534_t1,-440.234340662
tp_515_t1,-631.963495317
tp_1423_t1,-410.910795904
tp_991_t2,-1242.70009165
tp_157_t2,-307.464859618
tp_636_t1,-1181.86054357
tp_1659_t2,-488.378811847
tp_1533_t2,-763.212015243
tp_895_t1,-975.411238404
tp_1192_t1,-473.275113751
tp_1657_t1,-405.804993308
tp_1455_t1,-414.3717047
tp_1674_t1,-301.440735325
tp_1190_t1,-457.272907784
tp_981_t2,-285.400387742
tp_1424_t2,-410.935571464
tp_81_t1,-721.106101425
tp_1187_t1,-1083.26474458
tp_1615_t2,-339.545535884
tp_1512_t2,-360.57861199
tp_974_t1,-325.925643691
tp_1523_t1,-302.609041146
tp_183_t2,-439.023361858
tp_1226_t2,-780.455510901
tp_1224_t2,-1443.33603206
tp_1504_t1,-355.551172114
tp_1001_t2,-493.203956371
tp_73_t2,-914.64945673
tp_572_t2,-438.030356991
tp_604_t1,-914.657586188
tp_1195_t1,-319.650825257
tp_51_t2,-424.188392481
tp_1343_t2,-493.402330301
tp_1574_t1,-573.422699281
tp_240_t2,-287.56163544
tp_1601_t2,-571.819467068
tp_1616_t2,-493.203259821
tp_518_t1,-442.633597758
tp_1263_t2,-1818.9675838
tp_1675_t2,-301.448920048
tp_251_t1,-537.106180575
tp_175_t2,-458.891959529
tp_1357_t1,-646.079534
tp_1377_t2,-640.812299016
tp_1672_t2,-415.983927483
tp_506_t2,-571.790121755
tp_1184_t2,-1375.46763229
tp_999_t2,-477.173011503
tp_36_t2,-462.530971877
tp_59_t2,-232.4419642
tp_79_t1,-568.689643763
tp_1670_t1,-356.813275479
tp_298_t2,-345.799878114
tp_179_t1,-285.385796693
tp_1537_t2,-307.442838399
tp_30_t2,-270.572822916
tp_1115_t2,-800.131787037
tp_984_t1,-362.836404278
tp_1123_t2,-742.376144892
tp_238_t1,-287.605561765
tp_164_t1,-730.247078544
tp_251_t2,-537.110891256
tp_517_t1,-785.606554412
tp_1005_t2,-493.189219002
tp_614_t1,-783.405973332
tp_120_t2,-631.963495317
tp_178_t1,-628.227295273
tp_227_t1,-442.445956288
tp_441_t1,-379.835394297
tp_1636_t1,-251.894959702
tp_1059_t1,-340.732142079
tp_1456_t1,-414.3717047
tp_566_t1,-531.533200146
tp_1342_t1,-378.880861492
tp_604_t2,-914.660250393
tp_591_t2,-516.47908976
tp_517_t2,-785.586204757
tp_1254_t2,-474.761114585
tp_1490_t2,-778.438567511
tp_157_t1,-307.442838399
tp_401_t2,-460.347500586
tp_184_t1,-478.35135324
tp_1262_t1,-1359.44243836
tp_558_t2,-362.82320766
tp_1528_t1,-415.968050713
tp_975_t1,-286.606314181
tp_580_t2,-783.094216657
tp_507_t1,-711.831116694
tp_1544_t1,-417.640461837
tp_621_t1,-1065.03610401
tp_993_t2,-620.845019236
tp_1451_t1,-319.669062242
tp_1660_t1,-503.141524947
tp_617_t2,-3048.25946093
tp_1240_t2,-587.804535478
tp_1120_t2,-816.148670399
tp_309_t1,-574.894274096
tp_1249_t2,-341.98707816
tp_1489_t1,-548.570527508
tp_82_t2,-949.628654144
tp_788_t1,-785.626079885
tp_418_t2,-573.668615613
tp_1034_t2,-414.815937449
tp_574_t1,-551.386924987
tp_182_t1,-781.883798245
tp_1595_t1,-591.694405669
tp_1379_t2,-640.80212126
tp_1454_t2,-453.641388124
tp_1060_t2,-340.732142079
tp_1348_t1,-378.880861492
tp_988_t2,-2894.61824513
tp_554_t1,-857.893631533
tp_566_t2,-531.527795755
tp_1411_t1,-339.556700243
tp_1239_t2,-548.496917673
tp_1229_t1,-783.002420608
tp_1506_t1,-493.208928556
tp_615_t2,-936.750664884
tp_1510_t1,-532.472827118
tp_1000_t1,-339.546839942
tp_1239_t1,-548.517021864
tp_973_t2,-248.523562516
tp_1654_t2,-394.916673561
tp_588_t2,-422.727144777
tp_1553_t2,-876.757383613
tp_611_t1,-774.5325204
tp_596_t1,-708.202748342
tp_1378_t2,-624.783451089
tp_1614_t2,-339.561926515
tp_567_t2,-531.531956058
tp_1034_t1,-414.794471103
tp_989_t1,-5465.71589488
tp_116_t2,-631.974879401
tp_1413_t1,-394.917923557
tp_1366_t2,-450.252131914
tp_1228_t2,-474.529429733
tp_1676_t2,-356.814289218
tp_505_t2,-571.790121755
tp_1027_t2,-225.260456151
tp_49_t2,-463.493842171
tp_1524_t1,-322.454277333
tp_985_t1,-438.043009664
tp_1225_t2,-457.480442591
tp_1516_t2,-360.582320053
tp_1380_t1,-696.108636487
tp_1655_t2,-410.935571464
tp_605_t1,-814.186342737
tp_1429_t2,-1257.28125689
tp_953_t1,-685.805656031
tp_1490_t1,-778.440959508
tp_1513_t1,-380.05650754
tp_504_t2,-571.78455358
tp_1249_t1,-341.981325356
tp_788_t2,-785.632337841
tp_1557_t2,-875.458402174
tp_1668_t1,-699.651401981
tp_616_t2,-936.748951477
tp_1453_t1,-375.062727518
tp_1533_t1,-763.195527091
tp_132_t1,-268.396625271
tp_1001_t1,-493.196180539
tp_1230_t1,-628.181877881
tp_1230_t2,-628.176850838
tp_1221_t2,-624.391700175
tp_979_t1,-324.697819649
tp_1204_t2,-319.651755722
tp_1547_t1,-462.530971877
tp_1222_t2,-894.752896758
tp_675_t2,-916.080174428
tp_1493_t1,-640.799248678
tp_579_t1,-629.768433304
tp_954_t2,-457.277253143
tp_1226_t1,-780.467471391
tp_594_t1,-532.499947245
tp_1322_t1,-763.548660049
tp_649_t1,-554.795377471
tp_578_t2,-629.766584705
tp_112_t1,-936.700293879
tp_1489_t2,-548.576071008
tp_1036_t2,-568.473398167
tp_1125_t1,-1045.87208843
tp_562_t2,-476.154638212
tp_131_t2,-307.655745784
tp_551_t1,-378.867341623
tp_1282_t2,-2171.83905809
tp_1601_t1,-571.819446992
tp_83_t2,-3061.14102517
tp_1502_t2,-355.565687253
tp_164_t2,-730.25146914
tp_298_t1,-345.794722195
tp_1367_t1,-410.92744074
tp_1665_t1,-699.624877418
tp_1596_t2,-532.497453847
tp_1149_t2,-894.749516552
tp_1556_t2,-457.381546967
tp_603_t1,-914.656428004
tp_1522_t1,-361.772338563
tp_1415_t2,-394.925757783
tp_565_t1,-551.389699775
tp_1082_t2,-489.557892717
tp_1667_t1,-356.788257493
tp_1190_t2,-457.275741537
tp_38_t2,-462.534331619
tp_563_t1,-476.147858605
tp_648_t2,-1067.19802872
tp_1493_t2,-640.821434908
tp_176_t1,-439.062326655
tp_119_t2,-631.961950226
tp_204_t2,-1052.21866525
tp_1002_t2,-754.388408052
tp_575_t2,-551.376527573
tp_1243_t1,-392.234493987
tp_57_t2,-422.978548949
tp_575_t1,-551.37655575
tp_557_t1,-1242.69100409
tp_577_t1,-620.836215171
tp_1536_t1,-246.065163524
tp_1321_t1,-496.821631075
tp_840_t2,-816.135662867
tp_1265_t2,-777.060858222
tp_1560_t1,-400.919065627
tp_516_t2,-785.586204757
tp_1114_t2,-800.133783526
tp_107_t1,-309.891295252
tp_1660_t2,-503.165049902
tp_1514_t2,-419.366754905
tp_985_t2,-438.046257513
tp_1106_t1,-623.777129184
tp_1569_t2,-423.218341396
tp_45_t1,-384.895984823
tp_1117_t1,-662.506934586
tp_1465_t1,-419.168770714
tp_308_t1,-534.372044919
tp_1518_t2,-380.046432032
tp_54_t2,-499.386385001
tp_1124_t1,-722.900307891
tp_32_t1,-349.172349156
tp_610_t1,-705.020222139
tp_1492_t2,-640.803665269
tp_1188_t1,-457.295405949
tp_1354_t1,-378.885459856
tp_1233_t2,-548.510424738
tp_1283_t2,-1884.32794221
tp_624_t1,-576.373018588
tp_1110_t1,-1106.0727205
tp_1064_t2,-380.05006326
tp_648_t1,-1067.23397804
tp_1102_t1,-568.402334546
tp_584_t1,-415.744513776
tp_1352_t1,-471.115472479
tp_622_t2,-1065.04451365
tp_58_t1,-423.008148605
tp_511_t1,-785.631810371
tp_571_t2,-660.537763588
tp_1283_t1,-1884.33344819
tp_1064_t1,-380.046432032
tp_1350_t2,-547.586327073
tp_1598_t1,-763.559450183
tp_1565_t1,-859.287406591
tp_608_t2,-591.673457665
tp_66_t2,-614.72977764
tp_644_t2,-722.080962793
tp_811_t1,-801.637890486
tp_1254_t1,-474.734394762
tp_32_t2,-349.199232227
tp_1509_t1,-340.731856233
tp_1450_t1,-453.678785241
tp_109_t1,-270.572822916
tp_867_t2,-647.98861306
tp_176_t2,-439.032223206
tp_1059_t2,-340.735418908
tp_513_t2,-785.609346564
tp_549_t1,-323.504156713
tp_1183_t2,-456.288624609
tp_1381_t1,-297.594694237
tp_597_t1,-630.984188894
tp_590_t2,-477.157386138
tp_504_t1,-571.80262106
tp_603_t2,-914.659397717
tp_1423_t2,-410.939902083
tp_106_t2,-311.06391398
tp_555_t1,-378.858348107
tp_525_t2,-587.855504352
tp_1324_t1,-552.18675811
tp_995_t2,-378.876660371
tp_1195_t2,-319.636733151
tp_1656_t1,-373.788242754
tp_988_t1,-2894.6186067
tp_227_t2,-442.437157759
tp_599_t2,-705.035220933
tp_327_t1,-398.73858376
tp_708_t1,-668.106777275
tp_612_t2,-774.53649508
tp_607_t2,-591.687068135
tp_1614_t1,-339.557845797
tp_1088_t2,-875.322439844
tp_1235_t1,-779.574968248
tp_584_t2,-415.743500232
tp_1322_t2,-763.541191186
tp_104_t2,-193.128533761
tp_551_t2,-378.857528019
tp_587_t2,-422.734243456
tp_80_t1,-608.253584819
tp_983_t1,-362.833895872
tp_521_t1,-729.029872049
tp_179_t2,-285.37313705
tp_1182_t1,-534.698420754
tp_1500_t1,-493.194489986
tp_1260_t1,-440.265339296
tp_521_t2,-729.027068827
tp_574_t2,-551.376991337
tp_552_t2,-402.144633832
tp_1227_t2,-778.051268053
tp_600_t1,-705.044295901
tp_1238_t1,-1102.53860242
tp_1183_t1,-456.312432677
tp_1523_t2,-302.622770942
tp_1227_t1,-778.061471422
tp_1665_t2,-699.651405694
tp_560_t2,-554.561193306
tp_561_t1,-554.562777382
tp_563_t2,-476.153275903
tp_1125_t2,-1045.88766116
tp_53_t2,-615.914954634
tp_1150_t2,-703.013526184
tp_1241_t1,-297.607099989
tp_1196_t2,-473.29411906
tp_158_t1,-461.101787985
tp_1348_t2,-378.869405699
tp_1266_t1,-1074.76442758
tp_606_t2,-814.19378648
tp_159_t1,-461.101635671
tp_636_t2,-1181.84440831
tp_609_t2,-705.033208227
tp_1629_t2,-568.473398167
tp_987_t1,-398.745243664
tp_866_t1,-456.24720389
tp_1499_t1,-414.796199298
tp_1615_t1,-339.557845797
tp_512_t1,-785.631810371
tp_989_t2,-5465.71902792
tp_1515_t1,-611.109349826
tp_240_t1,-287.604395107
tp_1191_t1,-610.921723422
tp_1595_t2,-591.671782561
tp_1264_t2,-737.920622335
tp_415_t2,-399.905082613
tp_1522_t2,-361.784022341
tp_309_t2,-574.879150099
tp_386_t1,-627.778413395
tp_1547_t2,-462.514897213
tp_916_t2,-467.280962453
tp_1349_t2,-493.387907799
tp_952_t2,-2797.31645521
tp_1323_t2,-934.325502015
tp_1118_t2,-816.165960069
tp_919_t1,-506.590441849
tp_644_t1,-722.041539883
tp_919_t2,-506.558085706
tp_583_t1,-415.743059296
tp_402_t1,-628.803517384
tp_1519_t2,-360.572070574
tp_1234_t1,-587.832156856
tp_1676_t1,-356.788257493
tp_510_t1,-631.985060363
tp_1056_t1,-340.746611542
tp_509_t2,-631.95305183
tp_1355_t1,-493.402330301
tp_508_t1,-992.06816883
tp_997_t1,-477.16323779
tp_605_t2,-814.190698132
tp_35_t1,-423.216534443
tp_978_t2,-324.71690456
tp_1149_t1,-894.755173459
tp_1236_t1,-871.475486602
tp_110_t1,-499.420843343
